"Name","Company","State","City","Salary","Location","Url","Posted Date"
"Watson Health - Business Analyst Lead"," IBM  ","TX","Houston","$68k-$107k","Houston, TX","https://www.glassdoor.com/partner/jobListing.htm?pos=101&ao=95270&s=149&guid=0000016776559f28bf913e2e23172248&src=GD_JOB_AD&t=SRFJ&extid=4&exst=EL&ist=&ast=EL&vt=w&slr=true&rtp=0&cs=1_2d377309&cb=1543878582282&jobListingId=2887956899"," 3 days ago"
"Delivery Project Manager"," IBM  ","TX","Dallas","$67k-$105k","Dallas, TX","https://www.glassdoor.com/partner/jobListing.htm?pos=102&ao=95263&s=149&guid=0000016776559f28bf913e2e23172248&src=GD_JOB_AD&t=SRFJ&extid=4&exst=EL&ist=&ast=EL&vt=w&slr=true&rtp=0&cs=1_d94bfadd&cb=1543878582284&jobListingId=3042781860"," 3 days ago"
"Material Handle I"," Continental  ","TX","Seguin","$42k-$71k","Seguin, TX","https://www.glassdoor.com/partner/jobListing.htm?pos=101&ao=177462&s=58&guid=0000016776559f2882b36c7ed8e00d83&src=GD_JOB_AD&t=SR&extid=1&exst=EL&ist=&ast=EL&vt=w&slr=true&rtp=0&cs=1_6d359882&cb=1543878582285&jobListingId=2917922054"," 10 days ago"
"Manufacturing Associate I"," Continental Corporation  ","TX","Seguin","$12-$22 per hour","Seguin, TX","https://www.glassdoor.com/partner/jobListing.htm?pos=102&ao=189299&s=58&guid=0000016776559f2882b36c7ed8e00d83&src=GD_JOB_AD&t=SR&extid=1&exst=EL&ist=&ast=EL&vt=w&slr=true&rtp=0&cs=1_f4447294&cb=1543878582286&jobListingId=3024567417"," 19 days ago"
"System Test Lead Engineer"," Continental Corporation  ","TX","Deer Park","$71k-$82k","Deer Park, TX","https://www.glassdoor.com/partner/jobListing.htm?pos=103&ao=189299&s=58&guid=0000016776559f2882b36c7ed8e00d83&src=GD_JOB_AD&t=SR&extid=1&exst=EL&ist=&ast=EL&vt=w&slr=true&rtp=0&cs=1_c3192363&cb=1543878582288&jobListingId=3024702381"," 19 days ago"
"Master Planning Supervisor"," Continental Corporation  ","TX","Seguin","$52k-$78k","Seguin, TX","https://www.glassdoor.com/partner/jobListing.htm?pos=104&ao=189299&s=58&guid=0000016776559f2882b36c7ed8e00d83&src=GD_JOB_AD&t=SR&extid=1&exst=EL&ist=&ast=EL&vt=w&slr=true&rtp=0&cs=1_510aad33&cb=1543878582289&jobListingId=3024705338"," 19 days ago"
"Manufacturing SMD Process Engineer"," Continental  ","TX","Seguin","$53k-$99k","Seguin, TX","https://www.glassdoor.com/partner/jobListing.htm?pos=105&ao=182759&s=58&guid=0000016776559f2882b36c7ed8e00d83&src=GD_JOB_AD&t=SR&extid=1&exst=EL&ist=&ast=EL&vt=w&slr=true&rtp=0&cs=1_2cd68c58&cb=1543878582290&jobListingId=3047081040","7 days ago"
"Senior Staff Materials Engineer"," Continental Corporation  ","TX","Deer Park","$88k-$129k","Deer Park, TX","https://www.glassdoor.com/partner/jobListing.htm?pos=106&ao=189299&s=58&guid=0000016776559f2882b36c7ed8e00d83&src=GD_JOB_AD&t=SR&extid=1&exst=EL&ist=&ast=EL&vt=w&slr=true&rtp=0&cs=1_16d6fa8c&cb=1543878582291&jobListingId=3028590112"," 16 days ago"
"Manufacturing SMD Process Engineer"," Continental Corporation  ","TX","Seguin","$57k-$108k","Seguin, TX","https://www.glassdoor.com/partner/jobListing.htm?pos=107&ao=189299&s=58&guid=0000016776559f2882b36c7ed8e00d83&src=GD_JOB_AD&t=SR&extid=1&exst=EL&ist=&ast=EL&vt=w&slr=true&rtp=0&cs=1_af0c9027&cb=1543878582293&jobListingId=3026205154"," 18 days ago"
"System Test Program Lead - Infotainment"," Continental Corporation  ","TX","Deer Park","","Deer Park, TX","https://www.glassdoor.com/partner/jobListing.htm?pos=108&ao=189299&s=58&guid=0000016776559f2882b36c7ed8e00d83&src=GD_JOB_AD&t=SR&extid=1&exst=EL&ist=&ast=EL&vt=w&slr=true&rtp=0&cs=1_85f9f214&cb=1543878582294&jobListingId=3024721268"," 19 days ago"
"Intern - Business support, year round"," Continental Corporation  ","TX","Deer Park","","Deer Park, TX","https://www.glassdoor.com/partner/jobListing.htm?pos=109&ao=283198&s=58&guid=0000016776559f2882b36c7ed8e00d83&src=GD_JOB_AD&t=SR&extid=1&exst=EL&ist=&ast=EL&vt=w&slr=true&rtp=0&cs=1_83e42a72&cb=1543878582295&jobListingId=3025480312"," 19 days ago"
"Intern - Web Page and Software Tool Developer, Summer"," Continental Corporation  ","TX","Deer Park","$37k-$61k","Deer Park, TX","https://www.glassdoor.com/partner/jobListing.htm?pos=110&ao=283198&s=58&guid=0000016776559f2882b36c7ed8e00d83&src=GD_JOB_AD&t=SR&extid=1&exst=EL&ist=&ast=EL&vt=w&slr=true&rtp=0&cs=1_d590f99a&cb=1543878582296&jobListingId=3025524287"," 19 days ago"
"Technical Project Lead"," Continental Corporation  ","TX","Deer Park","$58k-$86k","Deer Park, TX","https://www.glassdoor.com/partner/jobListing.htm?pos=111&ao=182894&s=58&guid=0000016776559f2882b36c7ed8e00d83&src=GD_JOB_AD&t=SR&extid=1&exst=EL&ist=&ast=EL&vt=w&slr=true&rtp=0&cs=1_feb5e1de&cb=1543878582298&jobListingId=3025235054"," 19 days ago"
"Intern - Controlling, year round"," Continental Corporation  ","TX","Deer Park","","Deer Park, TX","https://www.glassdoor.com/partner/jobListing.htm?pos=112&ao=182894&s=58&guid=0000016776559f2882b36c7ed8e00d83&src=GD_JOB_AD&t=SR&extid=1&exst=EL&ist=&ast=EL&vt=w&slr=true&rtp=0&cs=1_b01c395c&cb=1543878582299&jobListingId=3024735547"," 19 days ago"
"Intern - Systems Test"," Continental Corporation  ","TX","Deer Park","","Deer Park, TX","https://www.glassdoor.com/partner/jobListing.htm?pos=113&ao=283198&s=58&guid=0000016776559f2882b36c7ed8e00d83&src=GD_JOB_AD&t=SR&extid=1&exst=EL&ist=&ast=EL&vt=w&slr=true&rtp=0&cs=1_08f906c9&cb=1543878582300&jobListingId=3025641072"," 19 days ago"
"Intern - Purchasing, Summer"," Continental Corporation  ","TX","Deer Park","","Deer Park, TX","https://www.glassdoor.com/partner/jobListing.htm?pos=114&ao=182894&s=58&guid=0000016776559f2882b36c7ed8e00d83&src=GD_JOB_AD&t=SR&extid=1&exst=EL&ist=&ast=EL&vt=w&slr=true&rtp=0&cs=1_f56d2dd0&cb=1543878582301&jobListingId=3024590337"," 19 days ago"
"Dimensions & Endurance Test Technician"," Continental Corporation  ","TX","Uvalde","","Uvalde, TX","https://www.glassdoor.com/partner/jobListing.htm?pos=115&ao=283198&s=58&guid=0000016776559f2882b36c7ed8e00d83&src=GD_JOB_AD&t=SR&extid=1&exst=EL&ist=&ast=EL&vt=w&slr=true&rtp=0&cs=1_849d60ec&cb=1543878582303&jobListingId=3025752599"," 19 days ago"
"BestDrive Regional Sales Manager"," Continental Corporation  ","TX","Dallas","","Dallas, TX","https://www.glassdoor.com/partner/jobListing.htm?pos=116&ao=189299&s=58&guid=0000016776559f2882b36c7ed8e00d83&src=GD_JOB_AD&t=SR&extid=1&exst=EL&ist=&ast=EL&vt=w&slr=true&rtp=0&cs=1_5a12ea2c&cb=1543878582304&jobListingId=3024647804"," 19 days ago"
"Packaging / Manufacturing / Industiral Engineer"," Continental Corporation  ","TX","Seguin","","Seguin, TX","https://www.glassdoor.com/partner/jobListing.htm?pos=117&ao=189299&s=58&guid=0000016776559f2882b36c7ed8e00d83&src=GD_JOB_AD&t=SR&extid=1&exst=EL&ist=&ast=EL&vt=w&slr=true&rtp=0&cs=1_15060976&cb=1543878582305&jobListingId=3026205385"," 18 days ago"
"Intern - Mass Air Flow Engineering Assistant"," Continental Corporation  ","TX","Deer Park","$27k-$40k","Deer Park, TX","https://www.glassdoor.com/partner/jobListing.htm?pos=118&ao=283198&s=58&guid=0000016776559f2882b36c7ed8e00d83&src=GD_JOB_AD&t=SR&extid=1&exst=EL&ist=&ast=EL&vt=w&slr=true&rtp=0&cs=1_220666ae&cb=1543878582306&jobListingId=3025209772"," 19 days ago"
"Intern - Embedded Software, Summer"," Continental Corporation  ","TX","Deer Park","$44k-$74k","Deer Park, TX","https://www.glassdoor.com/partner/jobListing.htm?pos=119&ao=182894&s=58&guid=0000016776559f2882b36c7ed8e00d83&src=GD_JOB_AD&t=SR&extid=1&exst=EL&ist=&ast=EL&vt=w&slr=true&rtp=0&cs=1_17f5323e&cb=1543878582307&jobListingId=3025037932"," 19 days ago"
"BestDrive Assistant Retread Manager"," Continental Corporation  ","TX","Dallas","","Dallas, TX","https://www.glassdoor.com/partner/jobListing.htm?pos=120&ao=182894&s=58&guid=0000016776559f2882b36c7ed8e00d83&src=GD_JOB_AD&t=SR&extid=1&exst=EL&ist=&ast=EL&vt=w&slr=true&rtp=0&cs=1_b48c7e14&cb=1543878582309&jobListingId=3028694648"," 16 days ago"
"Force & Moment Test Technician"," Continental Corporation  ","TX","Uvalde","","Uvalde, TX","https://www.glassdoor.com/partner/jobListing.htm?pos=121&ao=189299&s=58&guid=0000016776559f2882b36c7ed8e00d83&src=GD_JOB_AD&t=SR&extid=1&exst=EL&ist=&ast=EL&vt=w&slr=true&rtp=0&cs=1_9e82c016&cb=1543878582310&jobListingId=3024581342"," 19 days ago"
"Intern - Software Tool Development and Support Engineer, Summer"," Continental Corporation  ","TX","Deer Park","$34k-$54k","Deer Park, TX","https://www.glassdoor.com/partner/jobListing.htm?pos=122&ao=283198&s=58&guid=0000016776559f2882b36c7ed8e00d83&src=GD_JOB_AD&t=SR&extid=1&exst=EL&ist=&ast=EL&vt=w&slr=true&rtp=0&cs=1_c392f18d&cb=1543878582311&jobListingId=3025758604"," 19 days ago"
"Intern - Systems Engineering, Summer"," Continental Corporation  ","TX","Deer Park","$31k-$64k","Deer Park, TX","https://www.glassdoor.com/partner/jobListing.htm?pos=123&ao=283198&s=58&guid=0000016776559f2882b36c7ed8e00d83&src=GD_JOB_AD&t=SR&extid=1&exst=EL&ist=&ast=EL&vt=w&slr=true&rtp=0&cs=1_0ab5778d&cb=1543878582312&jobListingId=3025446711"," 19 days ago"
"Product Analyzer I - Night Shift"," Continental Corporation  ","TX","Seguin","","Seguin, TX","https://www.glassdoor.com/partner/jobListing.htm?pos=124&ao=182894&s=58&guid=0000016776559f2882b36c7ed8e00d83&src=GD_JOB_AD&t=SR&extid=1&exst=EL&ist=&ast=EL&vt=w&slr=true&rtp=0&cs=1_8e8a4327&cb=1543878582314&jobListingId=3042321098"," 7 days ago"
"Business Development / Outside Sales for Offshore North America"," Continental Corporation  ","TX","Houston","","Houston, TX","https://www.glassdoor.com/partner/jobListing.htm?pos=125&ao=283198&s=58&guid=0000016776559f2882b36c7ed8e00d83&src=GD_JOB_AD&t=SR&extid=1&exst=EL&ist=&ast=EL&vt=w&slr=true&rtp=0&cs=1_dd805fe6&cb=1543878582315&jobListingId=3025372521"," 19 days ago"
"Test Equipment Technician II - night shift"," Continental Corporation  ","TX","Seguin","$14-$23 per hour","Seguin, TX","https://www.glassdoor.com/partner/jobListing.htm?pos=126&ao=189299&s=58&guid=0000016776559f2882b36c7ed8e00d83&src=GD_JOB_AD&t=SR&extid=1&exst=EL&ist=&ast=EL&vt=w&slr=true&rtp=0&cs=1_966ac062&cb=1543878582316&jobListingId=3024537783"," 19 days ago"
"BestDrive Retread Technician"," Continental Corporation  ","TX","Dallas","","Dallas, TX","https://www.glassdoor.com/partner/jobListing.htm?pos=127&ao=189299&s=58&guid=0000016776559f2882b36c7ed8e00d83&src=GD_JOB_AD&t=SR&extid=1&exst=EL&ist=&ast=EL&vt=w&slr=true&rtp=0&cs=1_9571a795&cb=1543878582317&jobListingId=3026204414"," 18 days ago"
"BestDrive Commercial Salesperson"," Continental  New","TX","Houston","","Houston, TX","https://www.glassdoor.com/partner/jobListing.htm?pos=128&ao=177462&s=58&guid=0000016776559f2882b36c7ed8e00d83&src=GD_JOB_AD&t=SR&extid=1&exst=EL&ist=&ast=EL&vt=w&slr=true&rtp=0&cs=1_611bff72&cb=1543878582318&jobListingId=3014511382","7 days ago"
"Intern - C.N.C Machining Level 1"," Continental Corporation  ","TX","Deer Park","","Deer Park, TX","https://www.glassdoor.com/partner/jobListing.htm?pos=129&ao=182894&s=58&guid=0000016776559f2882b36c7ed8e00d83&src=GD_JOB_AD&t=SR&extid=1&exst=EL&ist=&ast=EL&vt=w&slr=true&rtp=0&cs=1_7f901c97&cb=1543878582319&jobListingId=3024738316"," 19 days ago"
"BestDrive Commercial Salesperson"," Continental Corporation  ","TX","Houston","","Houston, TX","https://www.glassdoor.com/partner/jobListing.htm?pos=130&ao=182894&s=58&guid=0000016776559f2882b36c7ed8e00d83&src=GD_JOB_AD&t=SR&extid=1&exst=EL&ist=&ast=EL&vt=w&slr=true&rtp=0&cs=1_b3fd75cd&cb=1543878582320&jobListingId=3024764863"," 19 days ago"
"Identity and Access Management North American Brand Sales Specialist"," IBM  ","IL","Chicago","$36-$58 per hour","Chicago, IL","https://www.glassdoor.com/partner/jobListing.htm?pos=101&ao=95270&s=149&guid=000001677655a1b6ba75faa957e1efdc&src=GD_JOB_AD&t=SRFJ&extid=4&exst=EL&ist=&ast=EL&vt=w&slr=true&rtp=0&cs=1_9351b279&cb=1543878582881&jobListingId=2927074218"," 4 days ago"
"Watson Health - Business Analyst Lead"," IBM  ","IL","Chicago","$68k-$108k","Chicago, IL","https://www.glassdoor.com/partner/jobListing.htm?pos=102&ao=95270&s=149&guid=000001677655a1b6ba75faa957e1efdc&src=GD_JOB_AD&t=SRFJ&extid=4&exst=EL&ist=&ast=EL&vt=w&slr=true&rtp=0&cs=1_0e14cf9f&cb=1543878582882&jobListingId=2887956835"," 3 days ago"
"PLT Curing Set­Up Tech Plant 4"," Continental  ","IL","Mount Vernon","","Mount Vernon, IL","https://www.glassdoor.com/partner/jobListing.htm?pos=101&ao=177462&s=58&guid=000001677655a1b6a02e9cc7a2d1bc97&src=GD_JOB_AD&t=SR&extid=1&exst=EL&ist=&ast=EL&vt=w&slr=true&rtp=0&cs=1_8a3faad5&cb=1543878582888&jobListingId=3041332925"," 4 days ago"
"Hourly Production"," Continental  New","IL","Mount Vernon","","Mount Vernon, IL","https://www.glassdoor.com/partner/jobListing.htm?pos=102&ao=177462&s=58&guid=000001677655a1b6a02e9cc7a2d1bc97&src=GD_JOB_AD&t=SR&extid=1&exst=EL&ist=&ast=EL&vt=w&slr=true&rtp=0&cs=1_4617d858&cb=1543878582889&jobListingId=3014761610","7 days ago"
"Logistics Coordinator"," Continental  New","IL","Mount Vernon","","Mount Vernon, IL","https://www.glassdoor.com/partner/jobListing.htm?pos=103&ao=177462&s=58&guid=000001677655a1b6a02e9cc7a2d1bc97&src=GD_JOB_AD&t=SR&extid=1&exst=EL&ist=&ast=EL&vt=w&slr=true&rtp=0&cs=1_650fd257&cb=1543878582890&jobListingId=3047235498","7 days ago"
"HR Business Partner"," Continental  ","IL","Mount Vernon","","Mount Vernon, IL","https://www.glassdoor.com/partner/jobListing.htm?pos=104&ao=177462&s=58&guid=000001677655a1b6a02e9cc7a2d1bc97&src=GD_JOB_AD&t=SR&extid=1&exst=EL&ist=&ast=EL&vt=w&slr=true&rtp=0&cs=1_3c1c3bdc&cb=1543878582891&jobListingId=3017489545"," 26 days ago"
"Industrial Engineering Summer Interns"," Continental  New","IL","Mount Vernon","","Mount Vernon, IL","https://www.glassdoor.com/partner/jobListing.htm?pos=105&ao=177462&s=58&guid=000001677655a1b6a02e9cc7a2d1bc97&src=GD_JOB_AD&t=SR&extid=1&exst=EL&ist=&ast=EL&vt=w&slr=true&rtp=0&cs=1_68fcae82&cb=1543878582892&jobListingId=3014761553","7 days ago"
"Maintenance Supervisor"," Continental  ","IL","Mount Vernon","","Mount Vernon, IL","https://www.glassdoor.com/partner/jobListing.htm?pos=106&ao=177462&s=58&guid=000001677655a1b6a02e9cc7a2d1bc97&src=GD_JOB_AD&t=SR&extid=1&exst=EL&ist=&ast=EL&vt=w&slr=true&rtp=0&cs=1_264c5a86&cb=1543878582893&jobListingId=3007259693"," 6 days ago"
"BestDrive Regional Manager"," Continental  ","IL","Jacksonville","","Jacksonville, IL","https://www.glassdoor.com/partner/jobListing.htm?pos=107&ao=177462&s=58&guid=000001677655a1b6a02e9cc7a2d1bc97&src=GD_JOB_AD&t=SR&extid=1&exst=EL&ist=&ast=EL&vt=w&slr=true&rtp=0&cs=1_0215d968&cb=1543878582894&jobListingId=3030040853"," 14 days ago"
"BestDrive Operations Manager"," Continental  ","IL","Bolingbrook","$73k-$94k","Bolingbrook, IL","https://www.glassdoor.com/partner/jobListing.htm?pos=108&ao=177462&s=58&guid=000001677655a1b6a02e9cc7a2d1bc97&src=GD_JOB_AD&t=SR&extid=1&exst=EL&ist=&ast=EL&vt=w&slr=true&rtp=0&cs=1_7d3977e2&cb=1543878582895&jobListingId=3018008213"," 25 days ago"
"Plant Engineering Summer Interns"," Continental  New","IL","Mount Vernon","","Mount Vernon, IL","https://www.glassdoor.com/partner/jobListing.htm?pos=109&ao=177462&s=58&guid=000001677655a1b6a02e9cc7a2d1bc97&src=GD_JOB_AD&t=SR&extid=1&exst=EL&ist=&ast=EL&vt=w&slr=true&rtp=0&cs=1_16f4c0bb&cb=1543878582896&jobListingId=3014761555","7 days ago"
"BestDrive Operations Manager"," Continental Corporation  ","IL","Bolingbrook","$55k-$72k","Bolingbrook, IL","https://www.glassdoor.com/partner/jobListing.htm?pos=110&ao=283198&s=58&guid=000001677655a1b6a02e9cc7a2d1bc97&src=GD_JOB_AD&t=SR&extid=1&exst=EL&ist=&ast=EL&vt=w&slr=true&rtp=0&cs=1_91c7a7d5&cb=1543878582897&jobListingId=3028981901"," 16 days ago"
"Hourly Maintenance Technician"," Continental  ","IL","Mount Vernon","","Mount Vernon, IL","https://www.glassdoor.com/partner/jobListing.htm?pos=111&ao=177462&s=58&guid=000001677655a1b6a02e9cc7a2d1bc97&src=GD_JOB_AD&t=SR&extid=1&exst=EL&ist=&ast=EL&vt=w&slr=true&rtp=0&cs=1_802b1b0d&cb=1543878582898&jobListingId=3033179957"," 11 days ago"
"Safety \/ Security Summer Intern"," Continental  ","IL","Mount Vernon","","Mount Vernon, IL","https://www.glassdoor.com/partner/jobListing.htm?pos=112&ao=177462&s=58&guid=000001677655a1b6a02e9cc7a2d1bc97&src=GD_JOB_AD&t=SR&extid=1&exst=EL&ist=&ast=EL&vt=w&slr=true&rtp=0&cs=1_0de6c4d5&cb=1543878582899&jobListingId=3014761549"," Today"
"System Test Lead Engineer"," Continental  ","IL","Deer Park","$89k-$106k","Deer Park, IL","https://www.glassdoor.com/partner/jobListing.htm?pos=113&ao=177462&s=58&guid=000001677655a1b6a02e9cc7a2d1bc97&src=GD_JOB_AD&t=SR&extid=1&exst=EL&ist=&ast=EL&vt=w&slr=true&rtp=0&cs=1_84c98cdb&cb=1543878582900&jobListingId=3025883898"," 18 days ago"
"System Test Program Lead - Infotainment"," Continental  ","IL","Deer Park","","Deer Park, IL","https://www.glassdoor.com/partner/jobListing.htm?pos=114&ao=177462&s=58&guid=000001677655a1b6a02e9cc7a2d1bc97&src=GD_JOB_AD&t=SR&extid=1&exst=EL&ist=&ast=EL&vt=w&slr=true&rtp=0&cs=1_6bd7b275&cb=1543878582901&jobListingId=3009205704"," 4 days ago"
"Senior Staff Materials Engineer"," Continental  ","IL","Deer Park","$70k-$104k","Deer Park, IL","https://www.glassdoor.com/partner/jobListing.htm?pos=115&ao=177462&s=58&guid=000001677655a1b6a02e9cc7a2d1bc97&src=GD_JOB_AD&t=SR&extid=1&exst=EL&ist=&ast=EL&vt=w&slr=true&rtp=0&cs=1_f82eb632&cb=1543878582903&jobListingId=3027308530"," 18 days ago"
"Technical Project Leader"," Continental  ","IL","Deer Park","$68k-$103k","Deer Park, IL","https://www.glassdoor.com/partner/jobListing.htm?pos=116&ao=182759&s=58&guid=000001677655a1b6a02e9cc7a2d1bc97&src=GD_JOB_AD&t=SR&extid=1&exst=EL&ist=&ast=EL&vt=w&slr=true&rtp=0&cs=1_c3b0c22d&cb=1543878582904&jobListingId=3017327364"," 26 days ago"
"Intern - Business support, year round"," Continental  ","IL","Deer Park","","Deer Park, IL","https://www.glassdoor.com/partner/jobListing.htm?pos=117&ao=177462&s=58&guid=000001677655a1b6a02e9cc7a2d1bc97&src=GD_JOB_AD&t=SR&extid=1&exst=EL&ist=&ast=EL&vt=w&slr=true&rtp=0&cs=1_39577956&cb=1543878582905&jobListingId=3030040766"," 14 days ago"
"Intern - Embedded Software Engineering, Summer"," Continental  ","IL","Deer Park","$44k-$74k","Deer Park, IL","https://www.glassdoor.com/partner/jobListing.htm?pos=118&ao=177462&s=58&guid=000001677655a1b6a02e9cc7a2d1bc97&src=GD_JOB_AD&t=SR&extid=1&exst=EL&ist=&ast=EL&vt=w&slr=true&rtp=0&cs=1_cac4903f&cb=1543878582906&jobListingId=3012267671"," 3 days ago"
"Intern - Engineering Technician"," Continental  ","IL","Deer Park","$40k-$61k","Deer Park, IL","https://www.glassdoor.com/partner/jobListing.htm?pos=119&ao=177462&s=58&guid=000001677655a1b6a02e9cc7a2d1bc97&src=GD_JOB_AD&t=SR&extid=1&exst=EL&ist=&ast=EL&vt=w&slr=true&rtp=0&cs=1_81fec3d9&cb=1543878582907&jobListingId=3009205658"," 4 days ago"
"Intern - Controlling, year round"," Continental  ","IL","Deer Park","","Deer Park, IL","https://www.glassdoor.com/partner/jobListing.htm?pos=120&ao=177462&s=58&guid=000001677655a1b6a02e9cc7a2d1bc97&src=GD_JOB_AD&t=SR&extid=1&exst=EL&ist=&ast=EL&vt=w&slr=true&rtp=0&cs=1_769f9fc1&cb=1543878582909&jobListingId=3012267700"," 3 days ago"
"Intern - Mechanical Engineer, Summer"," Continental  ","IL","Deer Park","$35k-$88k","Deer Park, IL","https://www.glassdoor.com/partner/jobListing.htm?pos=121&ao=177462&s=58&guid=000001677655a1b6a02e9cc7a2d1bc97&src=GD_JOB_AD&t=SR&extid=1&exst=EL&ist=&ast=EL&vt=w&slr=true&rtp=0&cs=1_00d1d2cd&cb=1543878582910&jobListingId=3012267674","7 days ago"
"Intern - Materials Technology"," Continental  ","IL","Deer Park","","Deer Park, IL","https://www.glassdoor.com/partner/jobListing.htm?pos=122&ao=177462&s=58&guid=000001677655a1b6a02e9cc7a2d1bc97&src=GD_JOB_AD&t=SR&extid=1&exst=EL&ist=&ast=EL&vt=w&slr=true&rtp=0&cs=1_aaf4bf5f&cb=1543878582911&jobListingId=3012267937"," 3 days ago"
"Intern - Software Engineering, Summer"," Continental  ","IL","Deer Park","$42k-$71k","Deer Park, IL","https://www.glassdoor.com/partner/jobListing.htm?pos=123&ao=177462&s=58&guid=000001677655a1b6a02e9cc7a2d1bc97&src=GD_JOB_AD&t=SR&extid=1&exst=EL&ist=&ast=EL&vt=w&slr=true&rtp=0&cs=1_3065f5dd&cb=1543878582912&jobListingId=3014761535"," Today"
"Intern - Mechanical Engineering, Summer"," Continental  ","IL","Deer Park","$35k-$88k","Deer Park, IL","https://www.glassdoor.com/partner/jobListing.htm?pos=124&ao=177462&s=58&guid=000001677655a1b6a02e9cc7a2d1bc97&src=GD_JOB_AD&t=SR&extid=1&exst=EL&ist=&ast=EL&vt=w&slr=true&rtp=0&cs=1_16ff2685&cb=1543878582913&jobListingId=3007259739"," 6 days ago"
"Express Service Advisor"," Continental Nissan  ","IL","Countryside","","Countryside, IL","https://www.glassdoor.com/partner/jobListing.htm?pos=125&ao=8118&s=58&guid=000001677655a1b6a02e9cc7a2d1bc97&src=GD_JOB_AD&t=SR&extid=1&exst=EL&ist=&ast=EL&vt=w&slr=true&rtp=0&cs=1_4028562e&cb=1543878582914&jobListingId=3040127328"," 5 days ago"
"PM Porter"," Continental Nissan  ","IL","Countryside","","Countryside, IL","https://www.glassdoor.com/partner/jobListing.htm?pos=126&ao=8118&s=58&guid=000001677655a1b6a02e9cc7a2d1bc97&src=GD_JOB_AD&t=SR&extid=1&exst=EL&ist=&ast=EL&vt=w&slr=true&rtp=0&cs=1_0fee9709&cb=1543878582915&jobListingId=3041428718"," 4 days ago"
"Intern - Embedded Software, Summer"," Continental  ","IL","Deer Park","$44k-$74k","Deer Park, IL","https://www.glassdoor.com/partner/jobListing.htm?pos=127&ao=177462&s=58&guid=000001677655a1b6a02e9cc7a2d1bc97&src=GD_JOB_AD&t=SR&extid=1&exst=EL&ist=&ast=EL&vt=w&slr=true&rtp=0&cs=1_65d3073a&cb=1543878582917&jobListingId=3007259738"," 6 days ago"
"Intern - Electrical Engineering, Summer"," Continental  ","IL","Deer Park","$42k-$68k","Deer Park, IL","https://www.glassdoor.com/partner/jobListing.htm?pos=128&ao=177462&s=58&guid=000001677655a1b6a02e9cc7a2d1bc97&src=GD_JOB_AD&t=SR&extid=1&exst=EL&ist=&ast=EL&vt=w&slr=true&rtp=0&cs=1_b2cfe41c&cb=1543878582918&jobListingId=3014761532"," Today"
"Express Lube Technician"," Continental Nissan  ","IL","Countryside","","Countryside, IL","https://www.glassdoor.com/partner/jobListing.htm?pos=129&ao=8118&s=58&guid=000001677655a1b6a02e9cc7a2d1bc97&src=GD_JOB_AD&t=SR&extid=1&exst=EL&ist=&ast=EL&vt=w&slr=true&rtp=0&cs=1_29f4e2e9&cb=1543878582919&jobListingId=3040127329"," 5 days ago"
"Intern - C.N.C Machining Level 1"," Continental  ","IL","Deer Park","","Deer Park, IL","https://www.glassdoor.com/partner/jobListing.htm?pos=130&ao=177462&s=58&guid=000001677655a1b6a02e9cc7a2d1bc97&src=GD_JOB_AD&t=SR&extid=1&exst=EL&ist=&ast=EL&vt=w&slr=true&rtp=0&cs=1_426610e5&cb=1543878582920&jobListingId=3029374973"," 15 days ago"
"Watson Health - Business Analyst Lead"," IBM  ","MI","Lansing","$67k-$106k","Lansing, MI","https://www.glassdoor.com/partner/jobListing.htm?pos=101&ao=95270&s=149&guid=000001677655a3e6b3e38cbe8a843bf0&src=GD_JOB_AD&t=SRFJ&extid=4&exst=EL&ist=&ast=EL&vt=w&slr=true&rtp=0&cs=1_3080fa2e&cb=1543878583455&jobListingId=2887956907"," 3 days ago"
"Watson Health - Practice Lead, NM"," IBM  ","MI","Lansing","","Lansing, MI","https://www.glassdoor.com/partner/jobListing.htm?pos=102&ao=95270&s=149&guid=000001677655a3e6b3e38cbe8a843bf0&src=GD_JOB_AD&t=SRFJ&extid=4&exst=EL&ist=&ast=EL&vt=w&slr=true&rtp=0&cs=1_e0936977&cb=1543878583457&jobListingId=3007882209"," 6 days ago"
"Industrial Engineer for Logistics"," Continental Corporation  ","MI","Clinton","","Clinton, MI","https://www.glassdoor.com/partner/jobListing.htm?pos=101&ao=189299&s=58&guid=000001677655a3e6a5b596225b72df25&src=GD_JOB_AD&t=SR&extid=1&exst=EL&ist=&ast=EL&vt=w&slr=true&rtp=0&cs=1_20ced121&cb=1543878583458&jobListingId=3024699868"," 19 days ago"
"Mixing Crew"," Continental Corporation  ","MI","Clinton","","Clinton, MI","https://www.glassdoor.com/partner/jobListing.htm?pos=102&ao=182894&s=58&guid=000001677655a3e6a5b596225b72df25&src=GD_JOB_AD&t=SR&extid=1&exst=EL&ist=&ast=EL&vt=w&slr=true&rtp=0&cs=1_51ac0e56&cb=1543878583459&jobListingId=3025342965"," 19 days ago"
"Computer Vision Surround View Engineer (ADAS)"," Continental Corporation  ","MI","Auburn Hills","","Auburn Hills, MI","https://www.glassdoor.com/partner/jobListing.htm?pos=103&ao=189299&s=58&guid=000001677655a3e6a5b596225b72df25&src=GD_JOB_AD&t=SR&extid=1&exst=EL&ist=&ast=EL&vt=w&slr=true&rtp=0&cs=1_56b04c94&cb=1543878583460&jobListingId=3024635146"," 19 days ago"
"Data Center Engineer"," Continental Corporation  New","MI","Clinton","","Clinton, MI","https://www.glassdoor.com/partner/jobListing.htm?pos=104&ao=189299&s=58&guid=000001677655a3e6a5b596225b72df25&src=GD_JOB_AD&t=SR&extid=1&exst=EL&ist=&ast=EL&vt=w&slr=true&rtp=0&cs=1_ac882893&cb=1543878583462&jobListingId=3045802398","7 days ago"
"ADAS Algorithm Engineer (Radar)"," Continental Corporation  New","MI","Auburn Hills","","Auburn Hills, MI","https://www.glassdoor.com/partner/jobListing.htm?pos=105&ao=189299&s=58&guid=000001677655a3e6a5b596225b72df25&src=GD_JOB_AD&t=SR&extid=1&exst=EL&ist=&ast=EL&vt=w&slr=true&rtp=0&cs=1_44912274&cb=1543878583463&jobListingId=3045806761","7 days ago"
"Head of Advanced Technology NA"," Continental Corporation  ","MI","Auburn Hills","","Auburn Hills, MI","https://www.glassdoor.com/partner/jobListing.htm?pos=106&ao=182894&s=58&guid=000001677655a3e6a5b596225b72df25&src=GD_JOB_AD&t=SR&extid=1&exst=EL&ist=&ast=EL&vt=w&slr=true&rtp=0&cs=1_93275aa8&cb=1543878583468&jobListingId=3024997544"," 19 days ago"
"Industrial Engineer"," Continental Corporation  ","MI","Clinton","","Clinton, MI","https://www.glassdoor.com/partner/jobListing.htm?pos=107&ao=189299&s=58&guid=000001677655a3e6a5b596225b72df25&src=GD_JOB_AD&t=SR&extid=1&exst=EL&ist=&ast=EL&vt=w&slr=true&rtp=0&cs=1_77f05106&cb=1543878583469&jobListingId=3024565822"," 19 days ago"
"Account Manager"," Continental Corporation  New","MI","Auburn Hills","","Auburn Hills, MI","https://www.glassdoor.com/partner/jobListing.htm?pos=108&ao=283198&s=58&guid=000001677655a3e6a5b596225b72df25&src=GD_JOB_AD&t=SR&extid=1&exst=EL&ist=&ast=EL&vt=w&slr=true&rtp=0&cs=1_f802702e&cb=1543878583471&jobListingId=3047093271","7 days ago"
"BestDrive Key Account Manager"," Continental Corporation  New","MI","Taylor","","Taylor, MI","https://www.glassdoor.com/partner/jobListing.htm?pos=109&ao=283198&s=58&guid=000001677655a3e6a5b596225b72df25&src=GD_JOB_AD&t=SR&extid=1&exst=EL&ist=&ast=EL&vt=w&slr=true&rtp=0&cs=1_f5e87433&cb=1543878583472&jobListingId=3042073082","7 days ago"
"Mechanical Engineer"," Continental Corporation  ","MI","Auburn Hills","$44k-$115k","Auburn Hills, MI","https://www.glassdoor.com/partner/jobListing.htm?pos=110&ao=189299&s=58&guid=000001677655a3e6a5b596225b72df25&src=GD_JOB_AD&t=SR&extid=1&exst=EL&ist=&ast=EL&vt=w&slr=true&rtp=0&cs=1_da4e99db&cb=1543878583472&jobListingId=3024572690"," 19 days ago"
"Project Manager"," Continental Corporation  ","MI","Auburn Hills","$49k-$71k","Auburn Hills, MI","https://www.glassdoor.com/partner/jobListing.htm?pos=111&ao=189299&s=58&guid=000001677655a3e6a5b596225b72df25&src=GD_JOB_AD&t=SR&extid=1&exst=EL&ist=&ast=EL&vt=w&slr=true&rtp=0&cs=1_50f1c696&cb=1543878583474&jobListingId=3024658784"," 19 days ago"
"Production Planning Manager"," Continental Corporation  ","MI","Clinton","","Clinton, MI","https://www.glassdoor.com/partner/jobListing.htm?pos=112&ao=189299&s=58&guid=000001677655a3e6a5b596225b72df25&src=GD_JOB_AD&t=SR&extid=1&exst=EL&ist=&ast=EL&vt=w&slr=true&rtp=0&cs=1_4715ac7f&cb=1543878583475&jobListingId=3024709757"," 19 days ago"
"CBC Managing Consultant/ Regional Manager"," Continental Corporation  ","MI","Auburn Hills","$50k-$83k","Auburn Hills, MI","https://www.glassdoor.com/partner/jobListing.htm?pos=113&ao=189299&s=58&guid=000001677655a3e6a5b596225b72df25&src=GD_JOB_AD&t=SR&extid=1&exst=EL&ist=&ast=EL&vt=w&slr=true&rtp=0&cs=1_ec4e0f40&cb=1543878583476&jobListingId=3024721342"," 19 days ago"
"BestDrive Midwest Regional Sales Manager"," Continental Corporation  ","MI","Taylor","","Taylor, MI","https://www.glassdoor.com/partner/jobListing.htm?pos=114&ao=189299&s=58&guid=000001677655a3e6a5b596225b72df25&src=GD_JOB_AD&t=SR&extid=1&exst=EL&ist=&ast=EL&vt=w&slr=true&rtp=0&cs=1_9f8c4e6e&cb=1543878583478&jobListingId=3024645868"," 19 days ago"
"ADAS Algorithm Engineer"," Continental Corporation  ","MI","Auburn Hills","","Auburn Hills, MI","https://www.glassdoor.com/partner/jobListing.htm?pos=115&ao=189299&s=58&guid=000001677655a3e6a5b596225b72df25&src=GD_JOB_AD&t=SR&extid=1&exst=EL&ist=&ast=EL&vt=w&slr=true&rtp=0&cs=1_1400df42&cb=1543878583479&jobListingId=3027644639"," 17 days ago"
"Intern - QL Test Engineering"," Continental Corporation  ","MI","Auburn Hills","$48k-$55k","Auburn Hills, MI","https://www.glassdoor.com/partner/jobListing.htm?pos=116&ao=283198&s=58&guid=000001677655a3e6a5b596225b72df25&src=GD_JOB_AD&t=SR&extid=1&exst=EL&ist=&ast=EL&vt=w&slr=true&rtp=0&cs=1_372854a3&cb=1543878583480&jobListingId=3025744576"," 19 days ago"
"Intern - Validation Test Engineer"," Continental Corporation  ","MI","Dearborn","$48k-$55k","Dearborn, MI","https://www.glassdoor.com/partner/jobListing.htm?pos=117&ao=283198&s=58&guid=000001677655a3e6a5b596225b72df25&src=GD_JOB_AD&t=SR&extid=1&exst=EL&ist=&ast=EL&vt=w&slr=true&rtp=0&cs=1_668a0b62&cb=1543878583482&jobListingId=3025268966"," 19 days ago"
"Hybrid and Electric Powertrain Controls Software Engineer"," Continental Corporation  ","MI","Auburn Hills","$62k-$102k","Auburn Hills, MI","https://www.glassdoor.com/partner/jobListing.htm?pos=118&ao=189299&s=58&guid=000001677655a3e6a5b596225b72df25&src=GD_JOB_AD&t=SR&extid=1&exst=EL&ist=&ast=EL&vt=w&slr=true&rtp=0&cs=1_29c39b6c&cb=1543878583483&jobListingId=3024546235"," 19 days ago"
"Systems Applications Engineer"," Continental Corporation  ","MI","Auburn Hills","$58k-$88k","Auburn Hills, MI","https://www.glassdoor.com/partner/jobListing.htm?pos=119&ao=189299&s=58&guid=000001677655a3e6a5b596225b72df25&src=GD_JOB_AD&t=SR&extid=1&exst=EL&ist=&ast=EL&vt=w&slr=true&rtp=0&cs=1_8c7fa027&cb=1543878583485&jobListingId=3024684387"," 19 days ago"
"CES - Basic Software Engineer (BSW - Low Level Programming)"," Continental Corporation  ","MI","Auburn Hills","$62k-$102k","Auburn Hills, MI","https://www.glassdoor.com/partner/jobListing.htm?pos=120&ao=189299&s=58&guid=000001677655a3e6a5b596225b72df25&src=GD_JOB_AD&t=SR&extid=1&exst=EL&ist=&ast=EL&vt=w&slr=true&rtp=0&cs=1_4d0ad5c8&cb=1543878583486&jobListingId=3024655257"," 19 days ago"
"Intern - Engineering, Summer"," Continental Corporation  ","MI","Auburn Hills","$40k-$58k","Auburn Hills, MI","https://www.glassdoor.com/partner/jobListing.htm?pos=121&ao=283198&s=58&guid=000001677655a3e6a5b596225b72df25&src=GD_JOB_AD&t=SR&extid=1&exst=EL&ist=&ast=EL&vt=w&slr=true&rtp=0&cs=1_46faea73&cb=1543878583488&jobListingId=3025486773"," 19 days ago"
"Intern - Trade Compliance Analyst"," Continental Corporation  ","MI","Auburn Hills","$37k-$51k","Auburn Hills, MI","https://www.glassdoor.com/partner/jobListing.htm?pos=122&ao=189299&s=58&guid=000001677655a3e6a5b596225b72df25&src=GD_JOB_AD&t=SR&extid=1&exst=EL&ist=&ast=EL&vt=w&slr=true&rtp=0&cs=1_33557aa4&cb=1543878583490&jobListingId=3024707767"," 19 days ago"
"Software Engineer - Customer Integration"," Continental Corporation  ","MI","Auburn Hills","$62k-$102k","Auburn Hills, MI","https://www.glassdoor.com/partner/jobListing.htm?pos=123&ao=189299&s=58&guid=000001677655a3e6a5b596225b72df25&src=GD_JOB_AD&t=SR&extid=1&exst=EL&ist=&ast=EL&vt=w&slr=true&rtp=0&cs=1_5323dd57&cb=1543878583491&jobListingId=3029984260"," 14 days ago"
"Intern - QL - Validation Engineer"," Continental Corporation  ","MI","Auburn Hills","$46k-$66k","Auburn Hills, MI","https://www.glassdoor.com/partner/jobListing.htm?pos=124&ao=189299&s=58&guid=000001677655a3e6a5b596225b72df25&src=GD_JOB_AD&t=SR&extid=1&exst=EL&ist=&ast=EL&vt=w&slr=true&rtp=0&cs=1_ea049d3a&cb=1543878583492&jobListingId=3024566975"," 19 days ago"
"Intern - Functions Development, Summer"," Continental Corporation  ","MI","Auburn Hills","","Auburn Hills, MI","https://www.glassdoor.com/partner/jobListing.htm?pos=125&ao=283198&s=58&guid=000001677655a3e6a5b596225b72df25&src=GD_JOB_AD&t=SR&extid=1&exst=EL&ist=&ast=EL&vt=w&slr=true&rtp=0&cs=1_a5090f9f&cb=1543878583494&jobListingId=3025494776"," 19 days ago"
"Senior Staff Electrical Engineer"," Continental Corporation  ","MI","Auburn Hills","$75k-$119k","Auburn Hills, MI","https://www.glassdoor.com/partner/jobListing.htm?pos=126&ao=189299&s=58&guid=000001677655a3e6a5b596225b72df25&src=GD_JOB_AD&t=SR&extid=1&exst=EL&ist=&ast=EL&vt=w&slr=true&rtp=0&cs=1_f7aa2985&cb=1543878583495&jobListingId=3042314536"," 3 days ago"
"Senior Staff System Engineer - eDrives"," Continental Corporation  ","MI","Auburn Hills","$78k-$151k","Auburn Hills, MI","https://www.glassdoor.com/partner/jobListing.htm?pos=127&ao=189299&s=58&guid=000001677655a3e6a5b596225b72df25&src=GD_JOB_AD&t=SR&extid=1&exst=EL&ist=&ast=EL&vt=w&slr=true&rtp=0&cs=1_c16984bc&cb=1543878583497&jobListingId=3024562269"," 19 days ago"
"Manufacturing Execution System Key User"," Continental Corporation  ","MI","Clinton","","Clinton, MI","https://www.glassdoor.com/partner/jobListing.htm?pos=128&ao=189299&s=58&guid=000001677655a3e6a5b596225b72df25&src=GD_JOB_AD&t=SR&extid=1&exst=EL&ist=&ast=EL&vt=w&slr=true&rtp=0&cs=1_5289d0dd&cb=1543878583498&jobListingId=3024581046"," 19 days ago"
"Sr. System Test Engineer (ADAS)"," Continental Corporation  ","MI","Auburn Hills","$75k-$87k","Auburn Hills, MI","https://www.glassdoor.com/partner/jobListing.htm?pos=129&ao=189299&s=58&guid=000001677655a3e6a5b596225b72df25&src=GD_JOB_AD&t=SR&extid=1&exst=EL&ist=&ast=EL&vt=w&slr=true&rtp=0&cs=1_ffc4ca91&cb=1543878583500&jobListingId=3024691830"," 19 days ago"
"Raw Material Planner/Buyer"," Continental Corporation  ","MI","Clinton","","Clinton, MI","https://www.glassdoor.com/partner/jobListing.htm?pos=130&ao=189299&s=58&guid=000001677655a3e6a5b596225b72df25&src=GD_JOB_AD&t=SR&extid=1&exst=EL&ist=&ast=EL&vt=w&slr=true&rtp=0&cs=1_ff857791&cb=1543878583501&jobListingId=3039936749"," 5 days ago"
