Name,Company,State,City,Salary,Location,Url,Posted Date
Brand and Communications Specialist, Delphi Technologies  ,MI,Troy,$51k-$70k,"Troy, MI",https://www.glassdoor.com/partner/jobListing.htm?pos=101&ao=133025&s=58&guid=000001676ba8f563b09ab5c6efe8bf31&src=GD_JOB_AD&t=SR&extid=1&exst=EL&ist=&ast=EL&vt=w&slr=true&rtp=0&cs=1_205c1991&cb=1543699494425&jobListingId=3030271256, 12 days ago
Warehouse and Logistics Coordinator, Delphi Technologies  ,MI,Troy,$44k-$69k,"Troy, MI",https://www.glassdoor.com/partner/jobListing.htm?pos=102&ao=133025&s=58&guid=000001676ba8f563b09ab5c6efe8bf31&src=GD_JOB_AD&t=SR&extid=1&exst=EL&ist=&ast=EL&vt=w&slr=true&rtp=0&cs=1_b50ebcef&cb=1543699494426&jobListingId=3008904946,7 days ago
Associate Buyer, Delphi Technologies  ,MI,Troy,$61k-$78k,"Troy, MI",https://www.glassdoor.com/partner/jobListing.htm?pos=103&ao=133025&s=58&guid=000001676ba8f563b09ab5c6efe8bf31&src=GD_JOB_AD&t=SR&extid=1&exst=EL&ist=&ast=EL&vt=w&slr=true&rtp=0&cs=1_355ab675&cb=1543699494427&jobListingId=3031832730, 10 days ago
Material Flow Coordinator, Delphi Technologies  ,MI,Troy,$50k-$73k,"Troy, MI",https://www.glassdoor.com/partner/jobListing.htm?pos=104&ao=133025&s=58&guid=000001676ba8f563b09ab5c6efe8bf31&src=GD_JOB_AD&t=SR&extid=1&exst=EL&ist=&ast=EL&vt=w&slr=true&rtp=0&cs=1_454ac742&cb=1543699494428&jobListingId=3016826756, 24 days ago
Quality Engineer, Delphi Technologies  ,MI,Troy,$57k-$116k,"Troy, MI",https://www.glassdoor.com/partner/jobListing.htm?pos=105&ao=133025&s=58&guid=000001676ba8f563b09ab5c6efe8bf31&src=GD_JOB_AD&t=SR&extid=1&exst=EL&ist=&ast=EL&vt=w&slr=true&rtp=0&cs=1_7a614cad&cb=1543699494430&jobListingId=3008904868,7 days ago
Engineering Intern, Delphi Technologies  ,MI,Troy,$52k-$74k,"Troy, MI",https://www.glassdoor.com/partner/jobListing.htm?pos=106&ao=133025&s=58&guid=000001676ba8f563b09ab5c6efe8bf31&src=GD_JOB_AD&t=SR&extid=1&exst=EL&ist=&ast=EL&vt=w&slr=true&rtp=0&cs=1_5270b3da&cb=1543699494431&jobListingId=2976820136,7 days ago
Software Engineer, Delphi Technologies  ,MI,Troy,$80k-$130k,"Troy, MI",https://www.glassdoor.com/partner/jobListing.htm?pos=107&ao=133025&s=58&guid=000001676ba8f563b09ab5c6efe8bf31&src=GD_JOB_AD&t=SR&extid=1&exst=EL&ist=&ast=EL&vt=w&slr=true&rtp=0&cs=1_2d05a188&cb=1543699494432&jobListingId=2984925527, 23 days ago
Reclaim Product Development Engineer, Delphi Technologies  ,MI,Troy,$78k-$106k,"Troy, MI",https://www.glassdoor.com/partner/jobListing.htm?pos=108&ao=133025&s=58&guid=000001676ba8f563b09ab5c6efe8bf31&src=GD_JOB_AD&t=SR&extid=1&exst=EL&ist=&ast=EL&vt=w&slr=true&rtp=0&cs=1_0175ad6b&cb=1543699494433&jobListingId=3042349738,7 days ago
Finance Intern, Delphi Technologies  ,MI,Troy,$50k-$76k,"Troy, MI",https://www.glassdoor.com/partner/jobListing.htm?pos=109&ao=133025&s=58&guid=000001676ba8f563b09ab5c6efe8bf31&src=GD_JOB_AD&t=SR&extid=1&exst=EL&ist=&ast=EL&vt=w&slr=true&rtp=0&cs=1_779652fb&cb=1543699494434&jobListingId=2954516489,7 days ago
Customer Service Representative, Delphi Technologies  ,MI,Troy,$15-$19 per hour,"Troy, MI",https://www.glassdoor.com/partner/jobListing.htm?pos=110&ao=133025&s=58&guid=000001676ba8f563b09ab5c6efe8bf31&src=GD_JOB_AD&t=SR&extid=1&exst=EL&ist=&ast=EL&vt=w&slr=true&rtp=0&cs=1_4e42d6de&cb=1543699494435&jobListingId=2983096671,7 days ago
Associate Category Manager, Delphi Technologies  ,MI,Troy,$55k-$90k,"Troy, MI",https://www.glassdoor.com/partner/jobListing.htm?pos=111&ao=133025&s=58&guid=000001676ba8f563b09ab5c6efe8bf31&src=GD_JOB_AD&t=SR&extid=1&exst=EL&ist=&ast=EL&vt=w&slr=true&rtp=0&cs=1_39b7cd08&cb=1543699494436&jobListingId=2993380791, 18 days ago
Advanced Propulsion Controls- Software Systems Engineer, Delphi Technologies  ,MI,Auburn Hills,$69k-$136k,"Auburn Hills, MI",https://www.glassdoor.com/partner/jobListing.htm?pos=112&ao=133025&s=58&guid=000001676ba8f563b09ab5c6efe8bf31&src=GD_JOB_AD&t=SR&extid=1&exst=EL&ist=&ast=EL&vt=w&slr=true&rtp=0&cs=1_0cb0d872&cb=1543699494437&jobListingId=3001578980, 10 days ago
Revenue Planning System Data Analyst, Delphi Technologies  ,MI,Troy,$70k-$89k,"Troy, MI",https://www.glassdoor.com/partner/jobListing.htm?pos=113&ao=133025&s=58&guid=000001676ba8f563b09ab5c6efe8bf31&src=GD_JOB_AD&t=SR&extid=1&exst=EL&ist=&ast=EL&vt=w&slr=true&rtp=0&cs=1_b32a9216&cb=1543699494439&jobListingId=3012008499, 1 day ago
Hourly Operator / Assembler, Delphi Technologies  ,MI,Troy,$12-$21 per hour,"Troy, MI",https://www.glassdoor.com/partner/jobListing.htm?pos=114&ao=133025&s=58&guid=000001676ba8f563b09ab5c6efe8bf31&src=GD_JOB_AD&t=SR&extid=1&exst=EL&ist=&ast=EL&vt=w&slr=true&rtp=0&cs=1_ffb93ccc&cb=1543699494440&jobListingId=3041788951, 1 day ago
Warranty and Supplier Quality Manager, Delphi Technologies  ,MI,Troy,$85k-$149k,"Troy, MI",https://www.glassdoor.com/partner/jobListing.htm?pos=115&ao=133025&s=58&guid=000001676ba8f563b09ab5c6efe8bf31&src=GD_JOB_AD&t=SR&extid=1&exst=EL&ist=&ast=EL&vt=w&slr=true&rtp=0&cs=1_83df100d&cb=1543699494441&jobListingId=2981216266, 26 days ago
Product Intern, Delphi Technologies  ,MI,Troy,,"Troy, MI",https://www.glassdoor.com/partner/jobListing.htm?pos=116&ao=133025&s=58&guid=000001676ba8f563b09ab5c6efe8bf31&src=GD_JOB_AD&t=SR&extid=1&exst=EL&ist=&ast=EL&vt=w&slr=true&rtp=0&cs=1_4236cfa4&cb=1543699494443&jobListingId=2994129195, 17 days ago
System Engineer, Delphi Technologies  ,MI,Troy,$69k-$136k,"Troy, MI",https://www.glassdoor.com/partner/jobListing.htm?pos=117&ao=133025&s=58&guid=000001676ba8f563b09ab5c6efe8bf31&src=GD_JOB_AD&t=SR&extid=1&exst=EL&ist=&ast=EL&vt=w&slr=true&rtp=0&cs=1_ff37cb18&cb=1543699494444&jobListingId=2782352632, 1 day ago
Category Management Intern, Delphi Technologies  ,MI,Troy,$47k-$72k,"Troy, MI",https://www.glassdoor.com/partner/jobListing.htm?pos=118&ao=133025&s=58&guid=000001676ba8f563b09ab5c6efe8bf31&src=GD_JOB_AD&t=SR&extid=1&exst=EL&ist=&ast=EL&vt=w&slr=true&rtp=0&cs=1_4b671ba7&cb=1543699494446&jobListingId=2996921935, 15 days ago
Software Engineer - Engine Controls, Delphi Technologies  ,MI,Troy,$80k-$130k,"Troy, MI",https://www.glassdoor.com/partner/jobListing.htm?pos=119&ao=133025&s=58&guid=000001676ba8f563b09ab5c6efe8bf31&src=GD_JOB_AD&t=SR&extid=1&exst=EL&ist=&ast=EL&vt=w&slr=true&rtp=0&cs=1_d2757999&cb=1543699494447&jobListingId=2994128958, 17 days ago
Control System Algorithm Engineer, Delphi Technologies  ,MI,Troy,$86k-$114k,"Troy, MI",https://www.glassdoor.com/partner/jobListing.htm?pos=120&ao=133025&s=58&guid=000001676ba8f563b09ab5c6efe8bf31&src=GD_JOB_AD&t=SR&extid=1&exst=EL&ist=&ast=EL&vt=w&slr=true&rtp=0&cs=1_eaaa8f57&cb=1543699494449&jobListingId=2987234400, 23 days ago
Sales Intern, Delphi Technologies  ,MI,Troy,,"Troy, MI",https://www.glassdoor.com/partner/jobListing.htm?pos=121&ao=133025&s=58&guid=000001676ba8f563b09ab5c6efe8bf31&src=GD_JOB_AD&t=SR&extid=1&exst=EL&ist=&ast=EL&vt=w&slr=true&rtp=0&cs=1_85c7811b&cb=1543699494450&jobListingId=3000343135, 12 days ago
Associate Product Line Manager, Delphi Technologies  ,MI,Troy,$38k-$68k,"Troy, MI",https://www.glassdoor.com/partner/jobListing.htm?pos=122&ao=133025&s=58&guid=000001676ba8f563b09ab5c6efe8bf31&src=GD_JOB_AD&t=SR&extid=1&exst=EL&ist=&ast=EL&vt=w&slr=true&rtp=0&cs=1_95467092&cb=1543699494452&jobListingId=3018630768, 23 days ago
Advanced Systems-Senior Systems Engineer, Delphi Technologies  ,MI,Auburn Hills,$85k-$164k,"Auburn Hills, MI",https://www.glassdoor.com/partner/jobListing.htm?pos=123&ao=133025&s=58&guid=000001676ba8f563b09ab5c6efe8bf31&src=GD_JOB_AD&t=SR&extid=1&exst=EL&ist=&ast=EL&vt=w&slr=true&rtp=0&cs=1_36fa93fc&cb=1543699494453&jobListingId=3015171145, 25 days ago
Department Technician, Delphi Technologies  ,MI,Troy,$14-$19 per hour,"Troy, MI",https://www.glassdoor.com/partner/jobListing.htm?pos=124&ao=133025&s=58&guid=000001676ba8f563b09ab5c6efe8bf31&src=GD_JOB_AD&t=SR&extid=1&exst=EL&ist=&ast=EL&vt=w&slr=true&rtp=0&cs=1_a57c6b50&cb=1543699494455&jobListingId=3043166291, Today
Manufacturing Engineering Intern, Delphi Technologies  ,MI,Troy,$40k-$104k,"Troy, MI",https://www.glassdoor.com/partner/jobListing.htm?pos=125&ao=133025&s=58&guid=000001676ba8f563b09ab5c6efe8bf31&src=GD_JOB_AD&t=SR&extid=1&exst=EL&ist=&ast=EL&vt=w&slr=true&rtp=0&cs=1_5c94436e&cb=1543699494456&jobListingId=2976820149, 1 day ago
On-Board Diagnostics Design Engineer, Delphi Technologies  ,MI,Troy,$82k-$111k,"Troy, MI",https://www.glassdoor.com/partner/jobListing.htm?pos=126&ao=133025&s=58&guid=000001676ba8f563b09ab5c6efe8bf31&src=GD_JOB_AD&t=SR&extid=1&exst=EL&ist=&ast=EL&vt=w&slr=true&rtp=0&cs=1_5e991973&cb=1543699494458&jobListingId=2782351495, 1 day ago
Associate Category Manager - Fuel, Delphi Technologies  ,MI,Troy,$55k-$90k,"Troy, MI",https://www.glassdoor.com/partner/jobListing.htm?pos=127&ao=133025&s=58&guid=000001676ba8f563b09ab5c6efe8bf31&src=GD_JOB_AD&t=SR&extid=1&exst=EL&ist=&ast=EL&vt=w&slr=true&rtp=0&cs=1_76a58c47&cb=1543699494459&jobListingId=3030272138, 12 days ago
Advanced Propulsion Controls- Control Systems Engineer, Delphi Technologies  ,MI,Auburn Hills,$75k-$105k,"Auburn Hills, MI",https://www.glassdoor.com/partner/jobListing.htm?pos=128&ao=133025&s=58&guid=000001676ba8f563b09ab5c6efe8bf31&src=GD_JOB_AD&t=SR&extid=1&exst=EL&ist=&ast=EL&vt=w&slr=true&rtp=0&cs=1_4693e9ee&cb=1543699494460&jobListingId=3001578965, 10 days ago
Automotive Parts Catalog Analyst, Delphi Technologies  ,MI,Troy,,"Troy, MI",https://www.glassdoor.com/partner/jobListing.htm?pos=129&ao=133025&s=58&guid=000001676ba8f563b09ab5c6efe8bf31&src=GD_JOB_AD&t=SR&extid=1&exst=EL&ist=&ast=EL&vt=w&slr=true&rtp=0&cs=1_4bf743f3&cb=1543699494462&jobListingId=3031832738, 10 days ago
Lead Product Engineer, Delphi Technologies  ,MI,Troy,$95k-$122k,"Troy, MI",https://www.glassdoor.com/partner/jobListing.htm?pos=130&ao=133025&s=58&guid=000001676ba8f563b09ab5c6efe8bf31&src=GD_JOB_AD&t=SR&extid=1&exst=EL&ist=&ast=EL&vt=w&slr=true&rtp=0&cs=1_12602d47&cb=1543699494463&jobListingId=2907647132, 17 days ago
