,0,1,2,3,4,5
3,Systems Engineer - Vehicle Computers and Gateways,Bosch,66989,"Farmington Hills, MI",www.monster.com,5 days ago
4,Software Engineers,Bosch,63245,"Ann Arbor, MI",www.monster.com,12 days ago
5,Embedded Software Engineer,Bosch,62649,"Novi, MI",www.monster.com,12 days ago
6,Ultrasonic Systems Engineer,Bosch,57526,"Plymouth, MI",www.monster.com,15 days ago
7,Application Engineer ADAS Camera Development,Bosch,58810,"Farmington Hills, MI",www.monster.com,26 days ago
8,Controls Software Engineer,Bosch,66661,"Plymouth, MI",www.monster.com,26 days ago
9,Software Engineer and Architect,Bosch,56291,"Plymouth, MI",www.monster.com,26 days ago
10,Drivers Assistance Domain Controller - Technical Project Manager,Bosch,41622,"Plymouth, MI",www.monster.com,26 days ago
11,Systems Engineer Automotive Networking Solutions Car Multimedia,Bosch,46374,"Plymouth, MI",www.monster.com,1 day ago
12,Software Project Manager - ADAS/Automated Driving,Bosch,72105,"Plymouth, MI",www.monster.com,4 days ago
13,Design Engineer / Senior Design Engineer - Wipers,Bosch,74133,"Plymouth, MI",www.monster.com,4 days ago
14,Application Engineer - Ultrasonics,Bosch,61087,"Plymouth, MI",www.monster.com,10 days ago
15,Software Systems Engineer Automotive Drivers Assist,Bosch,63190,"Novi, MI",www.monster.com,12 days ago
16,Fuel Cell Systems Technical Specialist,Bosch,67103,"Plymouth, MI",www.monster.com,12 days ago
17,Software Systems Engineer (Autonomous Driving),Bosch,55219,"Ann Arbor, MI",www.monster.com,19 days ago
18,"Cyber Security Consultant 3021 Miller Road, Ann Arbor, MI",Bosch,74275,"Novi, MI",www.monster.com,19 days ago
19,Motorsport Manager for Product Development and Product Management,Bosch,57950,"Farmington Hills MI, MI",www.monster.com,24 days ago
20,Sales Engineer - Advance Rider Safety Systems - 2 Wheeler and Powersports,Bosch,42992,"Plymouth, MI",www.monster.com,26 days ago
21,"Algorithm Software Engineer, Braking Systems",Bosch,59873,"Plymouth, MI",www.monster.com,26 days ago
22,Software Architect - V2X,Bosch,63397,"Farmington Hills, MI",www.monster.com,26 days ago
23,Power Electronics Calibration Engineer,Bosch,73540,"Plymouth, MI",www.monster.com,26 days ago
24,Software Developer â€“ System Stability Car Multimedia,Bosch,44341,"Novi, MI",www.monster.com,2 days ago
25,E/E Architect System Designer,,60410,"Plymouth, MI",www.monster.com,
26,Software Engineer - Feature Owner Connectivity Car Multimedia,,68047,,www.monster.com,
