,0,1,3,5
3,Embedded Software Engineer,Bosch,"Novi, MI",9 days ago
4,Ultrasonic Systems Engineer,Bosch,"Plymouth, MI",12 days ago
5,Application Engineer ADAS Camera Development,Bosch,"Farmington Hills, MI",23 days ago
6,Controls Software Engineer,Bosch,"Plymouth, MI",23 days ago
7,Software Engineer and Architect,Bosch,"Plymouth, MI",23 days ago
8,Drivers Assistance Domain Controller - Technical Project Manager,Bosch,"Plymouth, MI",23 days ago
9,Systems Engineer Automotive Networking Solutions Car Multimedia,Bosch,"Plymouth, MI",27 days ago
10,Software Project Manager - ADAS/Automated Driving,Bosch,"Plymouth, MI",30 days ago
11,SW Product Owner – Application Lifecycle/Thermal Management Car Multimedia,Bosch,"Plymouth, MI",1 day ago
12,Sr Software Engineer Base Software - QNX Car Multimedia,Bosch,"Plymouth, MI",1 day ago
13,Application Engineer - Ultrasonics,Bosch,"Plymouth, MI",7 days ago
14,Software Systems Engineer Automotive Drivers Assist,Bosch,"Novi, MI",9 days ago
15,Fuel Cell Systems Technical Specialist,Bosch,"Plymouth, MI",9 days ago
16,Software Systems Engineer (Autonomous Driving),Bosch,"Ann Arbor, MI",16 days ago
17,"Cyber Security Consultant 3021 Miller Road, Ann Arbor, MI",Bosch,"Novi, MI",16 days ago
18,Motorsport Manager for Product Development and Product Management,Bosch,"Farmington Hills MI, MI",21 days ago
19,Sales Engineer - Advance Rider Safety Systems - 2 Wheeler and Powersports,Bosch,"Plymouth, MI",23 days ago
20,"Algorithm Software Engineer, Braking Systems",Bosch,"Plymouth, MI",23 days ago
21,Software Architect - V2X,Bosch,"Farmington Hills, MI",23 days ago
22,Power Electronics Calibration Engineer,Bosch,"Plymouth, MI",23 days ago
23,Software Developer – System Stability Car Multimedia,Bosch,"Novi, MI",27 days ago
24,E/E Architect System Designer,Bosch,"Ann Arbor, MI",6 days ago
25,"Field Applications Engineer - Prototyping & Software Development - Ann Arbor, MI",,"Plymouth, MI",
26,Software Engineer - Highly Automatic Driving,,,
